{"cameraMode":{"drawMode":0,"name":"Shaded","section":"Shading Mode"},"sceneLighting":true,"audioPlay":false,"sceneViewState":{"m_AlwaysRefresh":false,"showFog":true,"showSkybox":false,"showFlares":true,"showImageEffects":true,"showParticleSystems":true,"showVisualEffectGraphs":true,"m_FxEnabled":true},"in2DMode":false,"pivot":{"x":4.29317045211792,"y":0.7454057335853577,"z":6.0147833824157719},"rotation":{"x":0.25038304924964907,"y":0.6082718372344971,"z":-0.21060287952423097,"w":0.7231834530830383},"size":0.38709500432014468,"orthographic":false}